site,LAI
40,-2.321928095
45,-0.514573173
53,-0.736965594
77,-1
88,-0.514573173
89,-0.321928095
156,-0.321928095
158,-0.514573173
164,-0.321928095
232,-1
234,0
241,-0.514573173
244,0.485426827
386,-0.736965594
488,-1
489,-1
490,1.765534746
491,-0.152003093
492,-0.514573173
499,2.40599236
500,0.485426827
501,2.459431619
502,0.678071905
504,1.321928095
505,2.201633861
506,2.03562391
507,0.925999419
517,1.070389328
528,0.378511623
544,0.378511623
552,-0.514573173
562,-0.514573173
567,0.137503524
568,-1.736965594
569,-0.514573173
570,0.137503524
576,0.378511623
580,0.378511623
583,-0.321928095
585,-1
586,-0.152003093
587,-0.514573173
588,0.584962501
590,-1.321928095
591,-1.321928095
596,-0.152003093
599,0.485426827
600,-1.321928095
601,1.632268215
605,0.137503524
607,0.925999419
608,-0.152003093
611,6.061776198
616,-1.736965594
624,-0.321928095
637,6.845490051
643,-0.321928095
647,0.378511623
648,0.584962501
652,0.678071905
655,1.137503524
656,-0.321928095
657,0.263034406
658,0.678071905
660,-0.736965594
662,-0.514573173
663,0.137503524
665,-0.321928095
